"anio","variable","media","mediana","sd","min","max","q25","q75"
2011,"desempleo",8.28803500442667,6.902,6.04397986604407,0.316,31.502,3.89,11.26
2016,"desempleo",7.94731963792202,5.989,5.82965926482051,0.15,26.536,3.952,10.742
2022,"desempleo",7.23328136124959,5.4695,5.75871826472743,0.13,35.359,3.5455,9.1670886163315
2011,"gdp",3.60468376885496,3.81485287364224,5.68503166449865,-50.3385151384986,21.6164694814501,1.60706224159405,6.21806555875563
2016,"gdp",3.15325503192377,3.07304549209093,3.74710176543283,-9.37512382380578,29.2121212121212,1.5221669476826,4.87959520387299
2022,"gdp",4.47693337209149,4.25087314494415,6.6845907254538,-28.7585842155085,63.3346343654855,2.58845210829177,6.26068434224371
2011,"inflacion",6.48075033225542,4.80538922155698,6.62256729135952,-0.40004069748808,53.2286983118173,3.19878141660322,7.6228226284852
2016,"inflacion",6.9767383551836,1.6263996161563,33.144485665659,-3.0782176567693,379.999585624026,0.277585406617412,4.9475204457323
2022,"inflacion",12.4663603949382,7.9309292543009,19.6076476519725,-6.68732094212666,171.205491336641,5.34595440908903,11.643866711056
